tool	raw_label	n_hits	canonical	conf	uncertain	mapped	depth
rm2	Simple_repeat	179894	repeat:tandem:simple	high	False	True	3
rm2	LINE/L2	132702	repeat:TE:ClassI:LINE:Jockey	medium	False	True	5
rm2	Unknown	889737	repeat	high	False	True	1
rm2	LINE/RTE-X	62187	repeat:TE:ClassI:LINE:RTE	high	False	True	5
rm2	LINE/L1	36683	repeat:TE:ClassI:LINE:L1	high	False	True	5
rm2	LINE/Rex-Babar	52471	repeat:TE:ClassI:LINE:RTE	medium	False	True	5
rm2	LTR/ERV1	3746	repeat:TE:ClassI:LTR:ERV	high	False	True	5
rm2	PLE/Chlamys	1109	repeat:TE:ClassI:PLE	high	False	True	4
rm2	DNA/hAT	7236	repeat:TE:ClassII:TIR:hAT	high	False	True	5
rm2	DNA/TcMar-Tc1	115035	repeat:TE:ClassII:TIR:Tc1Mariner	high	False	True	5
rm2	LTR/Unknown	63416	repeat:TE:ClassI:LTR	high	False	True	4
rm2	LTR/Gypsy	27365	repeat:TE:ClassI:LTR:Gypsy	high	False	True	5
rm2	DNA/hAT-Charlie	60742	repeat:TE:ClassII:TIR:hAT	high	False	True	5
rm2	SINE/5S-Deu-L2	58923	repeat:TE:ClassI:SINE:5S	high	False	True	5
rm2	LINE/RTE-BovB	88837	repeat:TE:ClassI:LINE:RTE	high	False	True	5
rm2	DNA/hAT-Ac	123859	repeat:TE:ClassII:TIR:hAT	high	False	True	5
rm2	RC/Helitron	62562	repeat:TE:ClassII:Helitron	high	False	True	4
rm2	SINE/ID	1407	repeat:TE:ClassI:SINE:tRNA	medium	False	True	5
rm2	PLE	14290	repeat:TE:ClassI:PLE	high	False	True	4
rm2	Satellite	13438	repeat:tandem:satellite	high	False	True	3
rm2	Low_complexity	21906	repeat:tandem:lowcomplexity	high	False	True	3
rm2	DNA/Crypton-V	19875	repeat:TE:ClassII:Crypton	high	False	True	4
rm2	DNA	13435	repeat:TE:ClassII	high	False	True	3
rm2	LTR/Ngaro	63285	repeat:TE:ClassI:DIRS	medium	False	True	4
rm2	DNA/P	6159	repeat:TE:ClassII:TIR:PElement	medium	False	True	5
rm2	LINE/Penelope	5003	repeat:TE:ClassI:PLE	medium	False	True	4
rm2	DNA/hAT-hAT5	14900	repeat:TE:ClassII:TIR:hAT	high	False	True	5
rm2	DNA/PIF-Harbinger	14440	repeat:TE:ClassII:TIR:PIFHarbinger	high	False	True	5
rm2	DNA/hAT-Blackjack	7317	repeat:TE:ClassII:TIR:hAT	high	False	True	5
rm2	DNA/Crypton-H	1458	repeat:TE:ClassII:Crypton	high	False	True	4
rm2	DNA/Academ-1	2590	repeat:TE:ClassII:TIR:Academ	medium	False	True	5
rm2	DNA/hAT-Tip100	15021	repeat:TE:ClassII:TIR:hAT	high	False	True	5
rm2	DNA/TcMar-Mariner	8991	repeat:TE:ClassII:TIR:Tc1Mariner	high	False	True	5
rm2	DNA/hAT-hAT6	5434	repeat:TE:ClassII:TIR:hAT	high	False	True	5
rm2	DNA/PiggyBac	1293	repeat:TE:ClassII:TIR:PiggyBac	high	False	True	5
rm2	LTR/DIRS	744	repeat:TE:ClassI:DIRS	medium	False	True	4
rm2	LTR/Pao	6423	repeat:TE:ClassI:LTR:BelPao	high	False	True	5
rm2	DNA/Kolobok-T2	3010	repeat:TE:ClassII:TIR:Kolobok	high	False	True	5
rm2	SINE/tRNA	4340	repeat:TE:ClassI:SINE:tRNA	high	False	True	5
rm2	DNA/TcMar	1178	repeat:TE:ClassII:TIR:Tc1Mariner	high	False	True	5
rm2	DNA/CMC-EnSpm	4010	repeat:TE:ClassII:TIR:CACTA	high	False	True	5
rm2	LINE/Dong-R4	6333	repeat:TE:ClassI:LINE:R2	medium	False	True	5
rm2	DNA/TcMar-Tc2	6479	repeat:TE:ClassII:TIR:Tc1Mariner	high	False	True	5
rm2	DNA/IS3EU	1806	repeat:TE:ClassII:TIR	low	False	True	4
rm2	Retroposon	558	repeat:TE:ClassI	low	False	True	3
rm2	LINE/Proto2	1014	repeat:TE:ClassI:LINE	low	False	True	4
rm2	DNA/MULE-MuDR	2450	repeat:TE:ClassII:TIR:Mutator	high	False	True	5
rm2	SINE/5S	3563	repeat:TE:ClassI:SINE:5S	high	False	True	5
rm2	DNA/PIF-ISL2EU	3371	repeat:TE:ClassII:TIR:PIFHarbinger	medium	False	True	5
rm2	DNA/TcMar-Tigger	4249	repeat:TE:ClassII:TIR:Tc1Mariner	high	False	True	5
rm2	LINE/I	670	repeat:TE:ClassI:LINE:I	high	False	True	5
rm2	DNA/Maverick	1962	repeat:TE:ClassII:Maverick	high	False	True	4
rm2	LINE/L1-Tx1	4250	repeat:TE:ClassI:LINE:L1	medium	False	True	5
rm2	SINE/tRNA-Meta	2055	repeat:TE:ClassI:SINE:tRNA	high	False	True	5
rm2	LINE/CR1-Zenon	753	repeat:TE:ClassI:LINE:Jockey	medium	False	True	5
rm2	SINE/MIR	1866	repeat:TE:ClassI:SINE:tRNA	high	False	True	5
rm2	LTR/Copia	2057	repeat:TE:ClassI:LTR:Copia	high	False	True	5
rm2	rRNA	1461	repeat:multigene:rRNA	high	False	True	3
rm2	DNA/hAT-Tag1	2091	repeat:TE:ClassII:TIR:hAT	high	False	True	5
rm2	DNA/Merlin	2054	repeat:TE:ClassII:TIR:Merlin	high	False	True	5
rm2	DNA/hAT-hATm	612	repeat:TE:ClassII:TIR:hAT	high	False	True	5
rm2	DNA/Crypton-A	962	repeat:TE:ClassII:Crypton	high	False	True	4
rm2	snRNA	261	repeat:multigene:snRNA	high	False	True	3
rm2	LINE	993	repeat:TE:ClassI:LINE	high	False	True	4
rm2	RNA	995	repeat:multigene	medium	False	True	2
rm2	DNA/Ginger-1	277	repeat:TE:ClassII:TIR:Ginger	medium	False	True	5
rm2	LINE/R2-Hero	239	repeat:TE:ClassI:LINE:R2	medium	False	True	5
rm2	DNA/TcMar-Fot1	867	repeat:TE:ClassII:TIR:Tc1Mariner	high	False	True	5
rm2	DNA/Sola-1	439	repeat:TE:ClassII:TIR:Sola	medium	False	True	5
rm2	tRNA	1282	repeat:multigene:tRNA	high	False	True	3
rm2	LTR	273	repeat:TE:ClassI:LTR	high	False	True	4
rm2	SINE/tRNA-V-RTE	361	repeat:TE:ClassI:SINE:tRNA	high	False	True	5
rm2	DNA/hAT-hobo	87	repeat:TE:ClassII:TIR:hAT	high	False	True	5
rm2	DNA/Sola-2	352	repeat:TE:ClassII:TIR:Sola	medium	False	True	5
rm2	DNA/TcMar-ISRm11	297	repeat:TE:ClassII:TIR:Tc1Mariner	medium	False	True	5
rm2	PLE/Naiad	127	repeat:TE:ClassI:PLE	high	False	True	4
rm2	DNA/Academ-2	148	repeat:TE:ClassII:TIR:Academ	medium	False	True	5
edta	LTR/Gypsy	37077	repeat:TE:ClassI:LTR:Gypsy	high	False	True	5
edta	LTR/unknown	142739	repeat:TE:ClassI:LTR	high	False	True	4
edta	LINE/L2	194219	repeat:TE:ClassI:LINE:Jockey	medium	False	True	5
edta	SINE/MIR	67709	repeat:TE:ClassI:SINE:tRNA	high	False	True	5
edta	DNA/DTC	297869	repeat:TE:ClassII:TIR:CACTA	high	False	True	5
edta	SINE/5S-Deu-L2	95583	repeat:TE:ClassI:SINE:5S	high	False	True	5
edta	DNA/DTM	169725	repeat:TE:ClassII:TIR:Mutator	high	False	True	5
edta	LINE/Rex-Babar	42262	repeat:TE:ClassI:LINE:RTE	medium	False	True	5
edta	LINE/RTE-BovB	28307	repeat:TE:ClassI:LINE:RTE	high	False	True	5
edta	DNA/DTA	24612	repeat:TE:ClassII:TIR:hAT	high	False	True	5
edta	MITE/DTM	12789	repeat:TE:ClassII:TIR:Mutator	high	False	True	5
edta	DNA/Helitron	136847	repeat:TE:ClassII:Helitron	high	False	True	4
edta	DNA/DTH	56299	repeat:TE:ClassII:TIR:PIFHarbinger	high	False	True	5
edta	unknown	20655	repeat	high	False	True	1
edta	LTR/Bel-Pao	2561	repeat:TE:ClassI:LTR:BelPao	high	False	True	5
edta	MITE/DTA	18498	repeat:TE:ClassII:TIR:hAT	high	False	True	5
edta	LINE/Dong-R4	3287	repeat:TE:ClassI:LINE:R2	medium	False	True	5
edta	LINE/Penelope	6451	repeat:TE:ClassI:PLE	medium	False	True	4
edta	DNA/DTT	13158	repeat:TE:ClassII:TIR:Tc1Mariner	high	False	True	5
edta	LINE/RTE-X	686	repeat:TE:ClassI:LINE:RTE	high	False	True	5
edta	LINE/L1	6178	repeat:TE:ClassI:LINE:L1	high	False	True	5
edta	MITE/DTC	6815	repeat:TE:ClassII:TIR:CACTA	high	False	True	5
edta	LINE/L1-Tx1	2020	repeat:TE:ClassI:LINE:L1	medium	False	True	5
edta	LTR/Copia	844	repeat:TE:ClassI:LTR:Copia	high	False	True	5
edta	LINE/I	288	repeat:TE:ClassI:LINE:I	high	False	True	5
edta	LINE/Proto2	750	repeat:TE:ClassI:LINE	low	False	True	4
edta	LTR/Retrovirus	331	repeat:TE:ClassI:LTR:ERV	high	False	True	5
edta	LINE/R2-Hero	257	repeat:TE:ClassI:LINE:R2	medium	False	True	5
edta	LINE/CR1-Zenon	573	repeat:TE:ClassI:LINE:Jockey	medium	False	True	5
edta	MITE/DTH	1935	repeat:TE:ClassII:TIR:PIFHarbinger	high	False	True	5
edta	MITE/DTT	296	repeat:TE:ClassII:TIR:Tc1Mariner	high	False	True	5
edta	SINE?	373	repeat:TE:ClassI:SINE	low	True	True	4
edta	SINE/tRNA-V-RTE	1558	repeat:TE:ClassI:SINE:tRNA	high	False	True	5
edta	SINE/tRNA	854	repeat:TE:ClassI:SINE:tRNA	high	False	True	5
edta	LINE/CR1	56	repeat:TE:ClassI:LINE:Jockey	medium	False	True	5
edta	SINE/B2	36	repeat:TE:ClassI:SINE:tRNA	medium	False	True	5
edta	SINE/ID	217	repeat:TE:ClassI:SINE:tRNA	medium	False	True	5
pantera	Simple_repeat	262232	repeat:tandem:simple	high	False	True	3
pantera	Unknown	352032	repeat	high	False	True	1
pantera	LINE/L2	30650	repeat:TE:ClassI:LINE:Jockey	medium	False	True	5
pantera	LINE/Rex-Babar	4515	repeat:TE:ClassI:LINE:RTE	medium	False	True	5
pantera	DNA/TcMar-Tc1	21696	repeat:TE:ClassII:TIR:Tc1Mariner	high	False	True	5
pantera	DNA	490696	repeat:TE:ClassII	high	False	True	3
pantera	LINE/L1-Tx1	573	repeat:TE:ClassI:LINE:L1	medium	False	True	5
pantera	DNA/PiggyBac	2401	repeat:TE:ClassII:TIR:PiggyBac	high	False	True	5
pantera	LINE/RTE	18866	repeat:TE:ClassI:LINE:RTE	high	False	True	5
pantera	LTR/Gypsy	3947	repeat:TE:ClassI:LTR:Gypsy	high	False	True	5
pantera	SINE	3061	repeat:TE:ClassI:SINE	high	False	True	4
pantera	DNA/Kolobok	5430	repeat:TE:ClassII:TIR:Kolobok	high	False	True	5
pantera	DNA/hAT	1333	repeat:TE:ClassII:TIR:hAT	high	False	True	5
pantera	LINE/Dong-R4	6553	repeat:TE:ClassI:LINE:R2	medium	False	True	5
pantera	LTR/Pao	2104	repeat:TE:ClassI:LTR:BelPao	high	False	True	5
pantera	LTR	1117	repeat:TE:ClassI:LTR	high	False	True	4
pantera	LINE/L1	1693	repeat:TE:ClassI:LINE:L1	high	False	True	5
pantera	DNA/PIF-Harbinger	2843	repeat:TE:ClassII:TIR:PIFHarbinger	high	False	True	5
pantera	DNA/PIF-ISL2EU	1115	repeat:TE:ClassII:TIR:PIFHarbinger	medium	False	True	5
pantera	LTR/Copia	167	repeat:TE:ClassI:LTR:Copia	high	False	True	5
pantera	LTR/ERV1	557	repeat:TE:ClassI:LTR:ERV	high	False	True	5
